{"train_loss": [2.3406347909244882, 2.3215437946726363, 2.314108438683912, 2.243503860387757, 2.095870229870222, 2.0368384850251164, 2.008093731945725, 1.9893925920199445, 1.9742693334676644, 1.9597331745929627, 1.941834666152701, 1.9181995929982425, 1.8921817353268935, 1.8661256744680812, 1.8443753510289849, 1.8266350689092519, 1.811870428905668, 1.7979809872064545, 1.7854749464310742, 1.7741141829162976, 1.7648270477615826, 1.7569327824771122, 1.7502480560286915, 1.7441497861774047, 1.7390926000066278, 1.7346084852354222, 1.7297956271194168, 1.725193524812635, 1.720801055996339, 1.717014267687549, 1.7133852535796956, 1.7102493994043901, 1.7072898807683827, 1.704412575299141, 1.7020452282440042, 1.6998508027379546, 1.698030236631773, 1.6963768188987298, 1.6949831514279425, 1.6937418382314708, 1.692753563701259, 1.6919083092449965, 1.6912446835594719, 1.690621525896669, 1.6902023409780167, 1.6898871607972548, 1.6898185017549596, 1.6896186132001652, 1.6895779987082098, 1.6895392545591599], "val_loss": [2.30167877420466, 2.3096807358112743, 2.299260783702769, 2.1448039551998708, 2.0596168079274766, 2.023192912974256, 2.002070757936924, 1.9868894815444946, 1.974901111836129, 1.9590755726428741, 1.938322440106818, 1.915128690131167, 1.8845969958508269, 1.8593607709762898, 1.8404181358662057, 1.8219652873404482, 1.809065601927169, 1.79402767977816, 1.782221110577279, 1.7702036436567916, 1.761877898206102, 1.7550261122115114, 1.7476689295565828, 1.7420665215938649, 1.737740082943693, 1.7327856560970873, 1.728498155766345, 1.724158303534731, 1.7203326643781458, 1.7170838954600882, 1.713811512957228, 1.710482825624182, 1.7076659253303041, 1.7054605331826718, 1.702722910870897, 1.7006010933125273, 1.6993252520865583, 1.6977668670897788, 1.6963920415715967, 1.695133533883602, 1.6944571479837944, 1.6936951939095841, 1.693129008120679, 1.6925184041895764, 1.6923783243970667, 1.6919935434422595, 1.6920142110357894, 1.6917336583137512, 1.6918268926600193, 1.6917463756622153], "val_acc": [0.111, 0.111, 0.11066666666666666, 0.18416666666666667, 0.221, 0.232, 0.2375, 0.23733333333333334, 0.24983333333333332, 0.2555, 0.29833333333333334, 0.31083333333333335, 0.33366666666666667, 0.3383333333333333, 0.3596666666666667, 0.3636666666666667, 0.3626666666666667, 0.3631666666666667, 0.37166666666666665, 0.37566666666666665, 0.37966666666666665, 0.37916666666666665, 0.38116666666666665, 0.38416666666666666, 0.3863333333333333, 0.38816666666666666, 0.3908333333333333, 0.39666666666666667, 0.3955, 0.3988333333333333, 0.402, 0.402, 0.4033333333333333, 0.406, 0.4065, 0.4076666666666667, 0.409, 0.409, 0.4095, 0.4093333333333333, 0.409, 0.4088333333333333, 0.4105, 0.411, 0.41133333333333333, 0.412, 0.4116666666666667, 0.412, 0.41233333333333333, 0.412], "val_ece": [0.00016498565673828125, 0.0013529956340789795, 0.000795900821685791, 0.03563571721315384, 0.05535029247403145, 0.04446028545498848, 0.04308338463306427, 0.03680204227566719, 0.04472993686795235, 0.04704450070858002, 0.09078950434923172, 0.09638138860464096, 0.10702507197856903, 0.11076395213603973, 0.10296494513750076, 0.09490523487329483, 0.08984007686376572, 0.08379626274108887, 0.08293168246746063, 0.07995876669883728, 0.07941172271966934, 0.07689014077186584, 0.0703103244304657, 0.07299090176820755, 0.07059773802757263, 0.06736260652542114, 0.06905624270439148, 0.07390950620174408, 0.07063286751508713, 0.07492560148239136, 0.07742677628993988, 0.07381322234869003, 0.07450231164693832, 0.07605957239866257, 0.0760616660118103, 0.07478567212820053, 0.07704223692417145, 0.07669894397258759, 0.07711895555257797, 0.0763784646987915, 0.07653135061264038, 0.07554872334003448, 0.07760944962501526, 0.07697050273418427, 0.07755877077579498, 0.07841957360506058, 0.07860297709703445, 0.07871882617473602, 0.07928989827632904, 0.07879069447517395], "sparsity": [0.007403001719293125, 0.08713439507211776, 0.014364472521033058, 0.05187728557180851, 0.06979305186170212, 0.07723241497544532, 0.08280349625869, 0.0848341055531451, 0.08580980235908894, 0.08513365400598404, 0.08338224800660256, 0.08046987549738681, 0.07725016273399617, 0.07500441530917554, 0.07474382550633968, 0.0751251870013298, 0.0772259218737166, 0.08093824451591106, 0.08214466281710787, 0.0828013318650266, 0.0836934840425532, 0.08337099334978043, 0.08455533510509958, 0.08612623279716106, 0.08807762632978723, 0.08867672315620362, 0.09015974759104405, 0.09198171193612383, 0.09358507521609043, 0.09448501911569149, 0.09551006341551213, 0.09570961810172872, 0.09611305618222724, 0.09719480693023255, 0.09667882172668234, 0.09682599875204106, 0.09709611178395595, 0.09749954978519297, 0.09783762400137617, 0.09748439926733361, 0.09786965658373022, 0.09794411086972724, 0.09775884100731383, 0.09777485729849085, 0.09800211585899617, 0.09810643841294532, 0.09816141331449468, 0.09818045977265277, 0.09826746733581766, 0.09838823902797192], "epistemic_unc": [683.9614874657165, 568.3428130454206, 554.1225196351396, 610.2276773655668, 634.8938786932763, 644.3032518752078, 648.4645535083528, 648.9022885586353, 648.9300485164562, 648.2934596284907, 649.639663371634, 650.4021015573055, 651.239659735497, 651.6428190190742, 651.729551924036, 651.8156160395196, 651.9130697047457, 652.5043718053939, 654.0162866470662, 654.8678082405253, 655.1155700683594, 655.2135308448304, 655.897475871634, 656.9881942424369, 657.1979564910239, 657.0564308978142, 656.3236947566905, 657.0847252379073, 657.8427747361203, 657.5517922259392, 657.5454147014212, 657.446424119016, 657.3389360143783, 657.9251637560257, 657.6307002940076, 658.197130568484, 657.7970827792553, 658.1284991325216, 658.1081400120512, 658.1104768793633, 657.9932218511054, 658.4135833090925, 658.1739248722157, 658.3499535093916, 658.4267669028425, 658.4701654961768, 658.4412413252161, 658.5121193743767, 658.528928716132, 658.5483132220329], "aleatoric_unc": [-679.109438632397, -563.4908745948304, -549.2899845204455, -605.7905507189163, -630.5801138370595, -640.0161937957114, -644.1823146089595, -644.612473508145, -644.6254688019449, -643.9745665205286, -645.3259160467919, -646.0672581449468, -646.8954201556267, -647.2929492706949, -647.3738929261552, -647.465016466506, -647.5555374470163, -648.1371083361038, -649.6502601136552, -650.4963223071809, -650.7366138214761, -650.8205774185506, -651.5121654753989, -652.6055856258312, -652.8080639128989, -652.6671038688497, -651.924489122756, -652.6861254103641, -653.4378499781832, -653.1338747714428, -653.1307736660572, -653.0327654899435, -652.9216899466007, -653.5013213462018, -653.2108219227893, -653.7793170036153, -653.373403995595, -653.7049794298538, -653.6842956542969, -653.6864234437334, -653.5667906416223, -653.9875215570977, -653.7471313476562, -653.9241839469747, -654.0007090467087, -654.0446134526679, -654.014577013381, -654.0862277416472, -654.1027916441573, -654.1223612034574]}